Full Complaint ID,Complaint Year Number,Month Number,Complaint Precinct Code,Patrol Borough Name,County,Law Code Category Description,Offense Description,PD Code Description,Bias Motive Description,Offense Category,Arrest Date,Arrest Id,Code Category
201901312988617,2019,11,13,PATROL BORO MAN SOUTH,NEW YORK,FELONY,MISCELLANEOUS PENAL LAW,AGGRAVATED HARASSMENT 1,ANTI-MALE HOMOSEXUAL (GAY),Unclassified,,M34672420,Harassment
201901812274317,2019,3,18,PATROL BORO MAN SOUTH,NEW YORK,FELONY,ROBBERY,"ROBBERY,PERSONAL ELECTRONIC DEVICE",ANTI-MALE HOMOSEXUAL (GAY),Sexual Orientation,,M31684401,Burglary/Robbery
201901812890617,2019,10,18,PATROL BORO MAN SOUTH,NEW YORK,MISDEMEANOR,CRIMINAL MISCHIEF & RELATED OF,"CRIMINAL MISCHIEF,UNCLASSIFIED 4",ANTI-MALE HOMOSEXUAL (GAY),Sexual Orientation,,M31719199,Criminal Mischief
201903212380917,2019,5,32,PATROL BORO MAN NORTH,NEW YORK,MISDEMEANOR,CRIMINAL MISCHIEF & RELATED OF,"MISCHIEF, CRIMINAL 4, BY FIRE",ANTI-LGBT (MIXED GROUP),Sexual Orientation,,M31702799,Criminal Mischief
201903212465317,2019,7,32,PATROL BORO MAN NORTH,NEW YORK,MISDEMEANOR,CRIMINAL MISCHIEF & RELATED OF,"MISCHIEF, CRIMINAL 4, BY FIRE",ANTI-MALE HOMOSEXUAL (GAY),Sexual Orientation,,M31702800,Criminal Mischief
201904712851617,2019,8,47,PATROL BORO BRONX,BRONX,MISDEMEANOR,ASSAULT 3 & RELATED OFFENSES,"MENACING,UNCLASSIFIED",ANTI-TRANSGENDER,Gender,,B31704341,Harassment
201906812287517,2019,5,68,PATROL BORO BKLYN SOUTH,KINGS,FELONY,ROBBERY,"ROBBERY,DWELLING",ANTI-MALE HOMOSEXUAL (GAY),Sexual Orientation,,K31704696,Burglary/Robbery
201907112340217,2019,5,71,PATROL BORO BKLYN SOUTH,KINGS,FELONY,DANGEROUS WEAPONS,WEAPONS POSSESSION 3,ANTI-TRANSGENDER,Gender,,K31697975,Miscellaneous
201907912598517,2019,7,79,PATROL BORO BKLYN NORTH,KINGS,FELONY,ROBBERY,"ROBBERY,PERSONAL ELECTRONIC DEVICE",ANTI-MALE HOMOSEXUAL (GAY),Sexual Orientation,,K31710604,Burglary/Robbery
201907912598517,2019,7,79,PATROL BORO BKLYN NORTH,KINGS,FELONY,ROBBERY,"ROBBERY,PERSONAL ELECTRONIC DEVICE",ANTI-MALE HOMOSEXUAL (GAY),Sexual Orientation,,K31710607,Burglary/Robbery
201908812430617,2019,9,88,PATROL BORO BKLYN NORTH,KINGS,MISDEMEANOR,ASSAULT 3 & RELATED OFFENSES,"MENACING,UNCLASSIFIED",ANTI-MALE HOMOSEXUAL (GAY),Sexual Orientation,,K31718849,Harassment
201911212191317,2019,4,112,PATROL BORO QUEENS NORTH,QUEENS,MISDEMEANOR,ASSAULT 3 & RELATED OFFENSES,"MENACING,UNCLASSIFIED",ANTI-TRANSGENDER,Gender,,Q31685303,Harassment
202001012217017,2020,5,10,PATROL BORO MAN SOUTH,NEW YORK,FELONY,ROBBERY,"ROBBERY,DWELLING",ANTI-MALE HOMOSEXUAL (GAY),Sexual Orientation,,M32692250,Burglary/Robbery
202001012277017,2020,1,10,PATROL BORO MAN SOUTH,NEW YORK,FELONY,SEX CRIMES,SEXUAL ABUSE,ANTI-MALE HOMOSEXUAL (GAY),Sexual Orientation,,M33677656,Violent
202004012762317,2020,7,40,PATROL BORO BRONX,BRONX,FELONY,ROBBERY,"ROBBERY,OPEN AREA UNCLASSIFIED",ANTI-MALE HOMOSEXUAL (GAY),Sexual Orientation,,B32690509,Burglary/Robbery
202004012762317,2020,7,40,PATROL BORO BRONX,BRONX,FELONY,ROBBERY,"ROBBERY,OPEN AREA UNCLASSIFIED",ANTI-MALE HOMOSEXUAL (GAY),Sexual Orientation,,B32690513,Burglary/Robbery
202004812794517,2020,10,48,PATROL BORO BRONX,BRONX,MISDEMEANOR,ASSAULT 3 & RELATED OFFENSES,"MENACING,UNCLASSIFIED",ANTI-MALE HOMOSEXUAL (GAY),Sexual Orientation,,B32698112,Harassment
202006012482217,2020,8,60,PATROL BORO BKLYN SOUTH,KINGS,FELONY,MISCELLANEOUS PENAL LAW,AGGRAVATED HARASSMENT 1,ANTI-MALE HOMOSEXUAL (GAY),Sexual Orientation,,K32696544,Harassment
202006712443317,2020,5,67,PATROL BORO BKLYN SOUTH,KINGS,MISDEMEANOR,ASSAULT 3 & RELATED OFFENSES,"MENACING,UNCLASSIFIED",ANTI-GENDER NON-CONFORMING,Gender,,K32688936,Harassment
202010012305417,2020,7,100,PATROL BORO QUEENS SOUTH,QUEENS,VIOLATION,HARRASSMENT 2,"HARASSMENT,SUBD 1,CIVILIAN",ANTI-MALE HOMOSEXUAL (GAY),Sexual Orientation,,Q32696686,Harassment
202010012307317,2020,8,100,PATROL BORO QUEENS SOUTH,QUEENS,VIOLATION,HARRASSMENT 2,"HARASSMENT,SUBD 3,4,5",ANTI-MALE HOMOSEXUAL (GAY),Sexual Orientation,,Q32696687,Harassment
202010112462317,2020,9,101,PATROL BORO QUEENS SOUTH,QUEENS,FELONY,MURDER & NON-NEGL. MANSLAUGHTE,"MANSLAUGHTER,UNCLASSIFIED - NO",ANTI-MALE HOMOSEXUAL (GAY),Sexual Orientation,,Q32693311,Violent
202100612389017,2021,8,6,PATROL BORO MAN SOUTH,NEW YORK,MISDEMEANOR,CRIMINAL MISCHIEF & RELATED OF,"MISCHIEF, CRIMINAL 4, BY FIRE",ANTI-MALE HOMOSEXUAL (GAY),Sexual Orientation,,M33697103,Criminal Mischief
202101012535517,2021,12,10,PATROL BORO MAN SOUTH,NEW YORK,MISDEMEANOR,ASSAULT 3 & RELATED OFFENSES,"MENACING,UNCLASSIFIED",ANTI-MALE HOMOSEXUAL (GAY),Sexual Orientation,,M33713847,Harassment
202101412871217,2021,9,14,PATROL BORO MAN SOUTH,NEW YORK,FELONY,FELONY ASSAULT,STRANGULATION 1ST,ANTI-MALE HOMOSEXUAL (GAY),Sexual Orientation,,M33700247,Violent
202101412871317,2021,9,14,PATROL BORO MAN SOUTH,NEW YORK,FELONY,FELONY ASSAULT,STRANGULATION 1ST,ANTI-MALE HOMOSEXUAL (GAY),Sexual Orientation,,M33700248,Violent
202102412277717,2021,6,24,PATROL BORO MAN NORTH,NEW YORK,MISDEMEANOR,ASSAULT 3 & RELATED OFFENSES,"MENACING,UNCLASSIFIED",ANTI-GENDER NON-CONFORMING,Gender,,M33688681,Harassment
202102812664617,2021,12,28,PATROL BORO MAN NORTH,NEW YORK,FELONY,ROBBERY,"ROBBERY,PUBLIC PLACE INSIDE",ANTI-TRANSGENDER,Gender,,M34682006,Burglary/Robbery
202103212587717,2021,8,32,PATROL BORO MAN NORTH,NEW YORK,MISDEMEANOR,ASSAULT 3 & RELATED OFFENSES,"MENACING,UNCLASSIFIED",ANTI-MALE HOMOSEXUAL (GAY),Sexual Orientation,,M33698436,Harassment
202107212531217,2021,9,72,PATROL BORO BKLYN SOUTH,KINGS,FELONY,MISCELLANEOUS PENAL LAW,AGGRAVATED HARASSMENT 1,ANTI-MALE HOMOSEXUAL (GAY),Sexual Orientation,,K34703837,Harassment
202108312610217,2021,9,83,PATROL BORO BKLYN NORTH,KINGS,FELONY,ROBBERY,"ROBBERY,PERSONAL ELECTRONIC DEVICE",ANTI-MALE HOMOSEXUAL (GAY),Sexual Orientation,,K33702895,Burglary/Robbery
202108312610217,2021,9,83,PATROL BORO BKLYN NORTH,KINGS,FELONY,ROBBERY,"ROBBERY,PERSONAL ELECTRONIC DEVICE",ANTI-MALE HOMOSEXUAL (GAY),Sexual Orientation,,M33700494,Burglary/Robbery
202110312693817,2021,9,103,PATROL BORO QUEENS SOUTH,QUEENS,FELONY,DANGEROUS WEAPONS,CRIMINAL POSSESSION WEAPON,ANTI-TRANSGENDER,Gender,,Q33695476,Miscellaneous
202111412403817,2021,4,114,PATROL BORO QUEENS NORTH,QUEENS,FELONY,ROBBERY,"ROBBERY,RESIDENTIAL COMMON AREA",ANTI-MALE HOMOSEXUAL (GAY),Sexual Orientation,,Q33681793,Burglary/Robbery
202111412980417,2021,9,114,PATROL BORO QUEENS NORTH,QUEENS,FELONY,ROBBERY,"ROBBERY,COMMERCIAL UNCLASSIFIED",ANTI-MALE HOMOSEXUAL (GAY),Sexual Orientation,,Q33704703,Burglary/Robbery
202111512549617,2021,6,115,PATROL BORO QUEENS NORTH,QUEENS,MISDEMEANOR,ASSAULT 3 & RELATED OFFENSES,"MENACING,UNCLASSIFIED",ANTI-TRANSGENDER,Gender,,Q33688706,Harassment
202111512549617,2021,6,115,PATROL BORO QUEENS NORTH,QUEENS,MISDEMEANOR,ASSAULT 3 & RELATED OFFENSES,"MENACING,UNCLASSIFIED",ANTI-TRANSGENDER,Gender,,Q33688708,Harassment
202111512788917,2021,9,115,PATROL BORO QUEENS NORTH,QUEENS,MISDEMEANOR,ASSAULT 3 & RELATED OFFENSES,"MENACING,UNCLASSIFIED",ANTI-TRANSGENDER,Gender,,Q33696699,Harassment
202200112747017,2022,8,1,PATROL BORO MAN SOUTH,NEW YORK,MISDEMEANOR,OFFENSES AGAINST PUBLIC ADMINI,RESISTING ARREST,ANTI-MALE HOMOSEXUAL (GAY),Sexual Orientation,,M34703775,Miscellaneous
202200112808317,2022,9,1,PATROL BORO MAN SOUTH,NEW YORK,FELONY,MISCELLANEOUS PENAL LAW,MENACING 1ST DEGREE (VICT NOT,ANTI-MALE HOMOSEXUAL (GAY),Sexual Orientation,,K34711080,Miscellaneous
202200512345117,2022,6,5,PATROL BORO MAN SOUTH,NEW YORK,FELONY,MISCELLANEOUS PENAL LAW,CRIMINAL CONTEMPT 1,ANTI-MALE HOMOSEXUAL (GAY),Sexual Orientation,,M34696491,Miscellaneous
202200612143717,2022,2,6,PATROL BORO MAN SOUTH,NEW YORK,FELONY,GRAND LARCENY,"LARCENY,GRAND BY THEFT OF CREDIT CARD",ANTI-MALE HOMOSEXUAL (GAY),Sexual Orientation,,M34677791,Burglary/Robbery
202200712278717,2022,4,7,PATROL BORO MAN SOUTH,NEW YORK,FELONY,ROBBERY,"ROBBERY,OPEN AREA UNCLASSIFIED",ANTI-MALE HOMOSEXUAL (GAY),Sexual Orientation,,M34714635,Burglary/Robbery
202200712278717,2022,4,7,PATROL BORO MAN SOUTH,NEW YORK,FELONY,ROBBERY,"ROBBERY,OPEN AREA UNCLASSIFIED",ANTI-MALE HOMOSEXUAL (GAY),Sexual Orientation,,M34687516,Burglary/Robbery
202201312944517,2022,12,13,PATROL BORO MAN SOUTH,NEW YORK,FELONY,FELONY ASSAULT,ASSAULT POLICE/PEACE OFFICER,ANTI-MALE HOMOSEXUAL (GAY),Sexual Orientation,,M34719051,Violent
202201312944517,2022,12,13,PATROL BORO MAN SOUTH,NEW YORK,FELONY,FELONY ASSAULT,ASSAULT POLICE/PEACE OFFICER,ANTI-MALE HOMOSEXUAL (GAY),Sexual Orientation,,M34719049,Violent
202201412962917,2022,7,14,PATROL BORO MAN SOUTH,NEW YORK,MISDEMEANOR,SEX CRIMES,"SEXUAL ABUSE 3,2",ANTI-TRANSGENDER,Gender,,M34700366,Violent
202201413087017,2022,8,14,PATROL BORO MAN SOUTH,NEW YORK,MISDEMEANOR,ASSAULT 3 & RELATED OFFENSES,"MENACING,UNCLASSIFIED",ANTI-MALE HOMOSEXUAL (GAY),Sexual Orientation,,M35683719,Harassment
202201413087017,2022,8,14,PATROL BORO MAN SOUTH,NEW YORK,MISDEMEANOR,ASSAULT 3 & RELATED OFFENSES,"MENACING,UNCLASSIFIED",ANTI-MALE HOMOSEXUAL (GAY),Sexual Orientation,,M34710804,Harassment
202202512205917,2022,3,25,PATROL BORO MAN NORTH,NEW YORK,FELONY,MISCELLANEOUS PENAL LAW,AGGRAVATED HARASSMENT 1,ANTI-MALE HOMOSEXUAL (GAY),Sexual Orientation,,M34679892,Harassment
202202612192117,2022,4,26,PATROL BORO MAN NORTH,NEW YORK,FELONY,SEX CRIMES,SEXUAL ABUSE,ANTI-FEMALE HOMOSEXUAL (LESBIAN),Sexual Orientation,,M34687073,Violent
202206212478117,2022,6,62,PATROL BORO BKLYN SOUTH,KINGS,FELONY,KIDNAPPING & RELATED OFFENSES,"IMPRISONMENT 1,UNLAWFUL",ANTI-MALE HOMOSEXUAL (GAY),Sexual Orientation,,K34699033,Violent
202207212527717,2022,9,72,PATROL BORO BKLYN SOUTH,KINGS,FELONY,MISCELLANEOUS PENAL LAW,AGGRAVATED HARASSMENT 1,ANTI-FEMALE HOMOSEXUAL (LESBIAN),Sexual Orientation,,K34703840,Harassment
202207212527817,2022,5,72,PATROL BORO BKLYN SOUTH,KINGS,MISDEMEANOR,OFFENSES AGAINST THE PERSON,RECKLESS ENDANGERMENT 2,ANTI-FEMALE HOMOSEXUAL (LESBIAN),Sexual Orientation,,K34703844,Miscellaneous
202207212527817,2022,5,72,PATROL BORO BKLYN SOUTH,KINGS,MISDEMEANOR,OFFENSES AGAINST THE PERSON,RECKLESS ENDANGERMENT 2,ANTI-FEMALE HOMOSEXUAL (LESBIAN),Sexual Orientation,,K34703838,Miscellaneous
202207212527917,2022,7,72,PATROL BORO BKLYN SOUTH,KINGS,FELONY,MISCELLANEOUS PENAL LAW,AGGRAVATED HARASSMENT 1,ANTI-FEMALE HOMOSEXUAL (LESBIAN),Sexual Orientation,,K34703842,Harassment
202207212527917,2022,7,72,PATROL BORO BKLYN SOUTH,KINGS,FELONY,MISCELLANEOUS PENAL LAW,AGGRAVATED HARASSMENT 1,ANTI-FEMALE HOMOSEXUAL (LESBIAN),Sexual Orientation,,K34703839,Harassment
202207212528017,2022,6,72,PATROL BORO BKLYN SOUTH,KINGS,FELONY,MISCELLANEOUS PENAL LAW,AGGRAVATED HARASSMENT 1,ANTI-FEMALE HOMOSEXUAL (LESBIAN),Sexual Orientation,,K34703841,Harassment
202207212528017,2022,6,72,PATROL BORO BKLYN SOUTH,KINGS,FELONY,MISCELLANEOUS PENAL LAW,AGGRAVATED HARASSMENT 1,ANTI-FEMALE HOMOSEXUAL (LESBIAN),Sexual Orientation,,K34703846,Harassment
202207212528217,2022,3,72,PATROL BORO BKLYN SOUTH,KINGS,FELONY,MISCELLANEOUS PENAL LAW,AGGRAVATED HARASSMENT 1,ANTI-FEMALE HOMOSEXUAL (LESBIAN),Sexual Orientation,,K34703847,Harassment
202207212528217,2022,3,72,PATROL BORO BKLYN SOUTH,KINGS,FELONY,MISCELLANEOUS PENAL LAW,AGGRAVATED HARASSMENT 1,ANTI-FEMALE HOMOSEXUAL (LESBIAN),Sexual Orientation,,K34703843,Harassment
202207513031117,2022,6,75,PATROL BORO BKLYN NORTH,KINGS,FELONY,ROBBERY,"ROBBERY,PERSONAL ELECTRONIC DEVICE",ANTI-MALE HOMOSEXUAL (GAY),Sexual Orientation,,K34713603,Burglary/Robbery
202207513031117,2022,6,75,PATROL BORO BKLYN NORTH,KINGS,FELONY,ROBBERY,"ROBBERY,PERSONAL ELECTRONIC DEVICE",ANTI-MALE HOMOSEXUAL (GAY),Sexual Orientation,,K34698043,Burglary/Robbery
202207513031117,2022,6,75,PATROL BORO BKLYN NORTH,KINGS,FELONY,ROBBERY,"ROBBERY,PERSONAL ELECTRONIC DEVICE",ANTI-MALE HOMOSEXUAL (GAY),Sexual Orientation,,K34704260,Burglary/Robbery
202207513031117,2022,6,75,PATROL BORO BKLYN NORTH,KINGS,FELONY,ROBBERY,"ROBBERY,PERSONAL ELECTRONIC DEVICE",ANTI-MALE HOMOSEXUAL (GAY),Sexual Orientation,,K34700416,Burglary/Robbery
202207513031117,2022,6,75,PATROL BORO BKLYN NORTH,KINGS,FELONY,ROBBERY,"ROBBERY,PERSONAL ELECTRONIC DEVICE",ANTI-MALE HOMOSEXUAL (GAY),Sexual Orientation,,K34698026,Burglary/Robbery
202211312360417,2022,4,113,PATROL BORO QUEENS SOUTH,QUEENS,FELONY,DANGEROUS WEAPONS,WEAPONS POSSESSION 3,ANTI-MALE HOMOSEXUAL (GAY),Sexual Orientation,,Q34683562,Miscellaneous
202211412727717,2022,6,114,PATROL BORO QUEENS NORTH,QUEENS,FELONY,MISCELLANEOUS PENAL LAW,AGGRAVATED HARASSMENT 1,ANTI-MALE HOMOSEXUAL (GAY),Sexual Orientation,,Q34690527,Harassment
202211413361717,2022,11,114,PATROL BORO QUEENS NORTH,QUEENS,MISDEMEANOR,ASSAULT 3 & RELATED OFFENSES,"MENACING,UNCLASSIFIED",ANTI-MALE HOMOSEXUAL (GAY),Sexual Orientation,,Q35675081,Harassment
202211512359217,2022,4,115,PATROL BORO QUEENS NORTH,QUEENS,FELONY,MISCELLANEOUS PENAL LAW,MENACING 1ST DEGREE (VICT NOT,ANTI-MALE HOMOSEXUAL (GAY),Sexual Orientation,,Q34682260,Miscellaneous
202300112200617,2023,2,1,PATROL BORO MAN SOUTH,NEW YORK,FELONY,ARSON,"ARSON 2,3,4",ANTI-MALE HOMOSEXUAL (GAY),Sexual Orientation,,M35679818,Arson
202300612382517,2023,6,6,PATROL BORO MAN SOUTH,NEW YORK,MISDEMEANOR,CRIMINAL MISCHIEF & RELATED OF,"CRIMINAL MISCHIEF,UNCLASSIFIED 4",ANTI-TRANSGENDER,Gender,,M35711233,Criminal Mischief
202300612382517,2023,6,6,PATROL BORO MAN SOUTH,NEW YORK,MISDEMEANOR,CRIMINAL MISCHIEF & RELATED OF,"CRIMINAL MISCHIEF,UNCLASSIFIED 4",ANTI-TRANSGENDER,Gender,,M35711046,Criminal Mischief
202300612382517,2023,6,6,PATROL BORO MAN SOUTH,NEW YORK,MISDEMEANOR,CRIMINAL MISCHIEF & RELATED OF,"CRIMINAL MISCHIEF,UNCLASSIFIED 4",ANTI-TRANSGENDER,Gender,,M35708769,Criminal Mischief
202302012434417,2023,9,20,PATROL BORO MAN NORTH,NEW YORK,MISDEMEANOR,CRIMINAL MISCHIEF & RELATED OF,"CRIMINAL MISCHIEF 4TH, GRAFFIT",ANTI-MALE HOMOSEXUAL (GAY),Sexual Orientation,,M35714289,Criminal Mischief
202302012434617,2023,9,20,PATROL BORO MAN NORTH,NEW YORK,MISDEMEANOR,CRIMINAL MISCHIEF & RELATED OF,"CRIMINAL MISCHIEF 4TH, GRAFFIT",ANTI-MALE HOMOSEXUAL (GAY),Sexual Orientation,,M35714293,Criminal Mischief
202302412255817,2023,4,24,PATROL BORO MAN NORTH,NEW YORK,MISDEMEANOR,CRIMINAL MISCHIEF & RELATED OF,"CRIMINAL MISCHIEF,UNCLASSIFIED 4",ANTI-MALE HOMOSEXUAL (GAY),Sexual Orientation,,M35691320,Criminal Mischief
202303012366517,2023,7,30,PATROL BORO MAN NORTH,NEW YORK,FELONY,ROBBERY,"ROBBERY,COMMERCIAL UNCLASSIFIED",ANTI-MALE HOMOSEXUAL (GAY),Sexual Orientation,,M35705229,Burglary/Robbery
202303012366517,2023,7,30,PATROL BORO MAN NORTH,NEW YORK,FELONY,ROBBERY,"ROBBERY,COMMERCIAL UNCLASSIFIED",ANTI-MALE HOMOSEXUAL (GAY),Sexual Orientation,,M35703160,Burglary/Robbery
202303012386617,2023,7,30,PATROL BORO MAN NORTH,NEW YORK,MISDEMEANOR,ASSAULT 3 & RELATED OFFENSES,"MENACING,UNCLASSIFIED",ANTI-MALE HOMOSEXUAL (GAY),Sexual Orientation,,M35715226,Harassment
202303312636417,2023,11,33,PATROL BORO MAN NORTH,NEW YORK,MISDEMEANOR,SEX CRIMES,"SEXUAL ABUSE 3,2",ANTI-MALE HOMOSEXUAL (GAY),Sexual Orientation,,M35721710,Violent
202306012744817,2023,9,60,PATROL BORO BKLYN SOUTH,KINGS,FELONY,ROBBERY,"ROBBERY,OPEN AREA UNCLASSIFIED",ANTI-MALE HOMOSEXUAL (GAY),Sexual Orientation,,K36679959,Burglary/Robbery
202306312684417,2023,10,63,PATROL BORO BKLYN SOUTH,KINGS,MISDEMEANOR,ASSAULT 3 & RELATED OFFENSES,"MENACING,UNCLASSIFIED",ANTI-GENDER NON-CONFORMING,Gender,,K35729103,Harassment
202306812558717,2023,9,68,PATROL BORO BKLYN SOUTH,KINGS,MISDEMEANOR,CRIMINAL MISCHIEF & RELATED OF,"MISCHIEF, CRIMINAL 4, BY FIRE",ANTI-FEMALE HOMOSEXUAL (LESBIAN),Sexual Orientation,,K35723084,Criminal Mischief
202307012345217,2023,4,70,PATROL BORO BKLYN SOUTH,KINGS,FELONY,MISCELLANEOUS PENAL LAW,CRIMINAL CONTEMPT 1,ANTI-MALE HOMOSEXUAL (GAY),Sexual Orientation,,K35690839,Miscellaneous
202307012593917,2023,7,70,PATROL BORO BKLYN SOUTH,KINGS,MISDEMEANOR,ASSAULT 3 & RELATED OFFENSES,"MENACING,UNCLASSIFIED",ANTI-MALE HOMOSEXUAL (GAY),Sexual Orientation,,K35722606,Harassment
202307012626517,2023,7,70,PATROL BORO BKLYN SOUTH,KINGS,FELONY,MURDER & NON-NEGL. MANSLAUGHTE,"MANSLAUGHTER,UNCLASSIFIED - NO",ANTI-MALE HOMOSEXUAL (GAY),Sexual Orientation,,K35711610,Violent
202307812255917,2023,4,78,PATROL BORO BKLYN SOUTH,KINGS,MISDEMEANOR,ASSAULT 3 & RELATED OFFENSES,"MENACING,UNCLASSIFIED",ANTI-MALE HOMOSEXUAL (GAY),Sexual Orientation,,K35691115,Harassment
202308312592417,2023,7,83,PATROL BORO BKLYN NORTH,KINGS,MISDEMEANOR,ASSAULT 3 & RELATED OFFENSES,"MENACING,UNCLASSIFIED",ANTI-TRANSGENDER,Gender,,K35716168,Harassment
202308312689217,2023,8,83,PATROL BORO BKLYN NORTH,KINGS,MISDEMEANOR,SEX CRIMES,"SEXUAL ABUSE 3,2",ANTI-TRANSGENDER,Gender,,K35714634,Violent
202310313034517,2023,9,103,PATROL BORO QUEENS SOUTH,QUEENS,MISDEMEANOR,ASSAULT 3 & RELATED OFFENSES,"MENACING,UNCLASSIFIED",ANTI-MALE HOMOSEXUAL (GAY),Sexual Orientation,,Q35707238,Harassment
202310612376017,2023,5,106,PATROL BORO QUEENS SOUTH,QUEENS,FELONY,CRIMINAL MISCHIEF & RELATED OF,"MISCHIEF,CRIMINAL,    UNCL 2ND",ANTI-MALE HOMOSEXUAL (GAY),Sexual Orientation,,Q35691737,Criminal Mischief
202311313035317,2023,11,113,PATROL BORO QUEENS SOUTH,QUEENS,FELONY,FELONY ASSAULT,STRANGULATION 1ST,ANTI-FEMALE HOMOSEXUAL (LESBIAN),Sexual Orientation,,Q35714704,Violent
202311413389817,2023,8,114,PATROL BORO QUEENS NORTH,QUEENS,VIOLATION,HARRASSMENT 2,"HARASSMENT,SUBD 3,4,5",ANTI-MALE HOMOSEXUAL (GAY),Sexual Orientation,,Q36676309,Harassment
202401412826217,2024,5,14,PATROL BORO MAN SOUTH,NEW YORK,FELONY,CRIMINAL MISCHIEF & RELATED OF,"MISCHIEF,CRIMINAL,    UNCL 2ND",ANTI-MALE HOMOSEXUAL (GAY),Sexual Orientation,,M36703843,Criminal Mischief
202404412812917,2024,6,44,PATROL BORO BRONX,BRONX,FELONY,ROBBERY,"ROBBERY,OPEN AREA UNCLASSIFIED",ANTI-MALE HOMOSEXUAL (GAY),Sexual Orientation,,B36698900,Burglary/Robbery
202407012194217,2024,2,70,PATROL BORO BKLYN SOUTH,KINGS,MISDEMEANOR,CRIMINAL MISCHIEF & RELATED OF,"TAMPERING 3,2, CRIMINAL",ANTI-TRANSGENDER,Gender,,K36681632,Criminal Mischief
202410912629717,2024,5,109,PATROL BORO QUEENS NORTH,QUEENS,FELONY,ROBBERY,"ROBBERY,ON BUS/ OR BUS DRIVER",ANTI-MALE HOMOSEXUAL (GAY),Sexual Orientation,,Q36695101,Burglary/Robbery
202410912629717,2024,5,109,PATROL BORO QUEENS NORTH,QUEENS,FELONY,ROBBERY,"ROBBERY,ON BUS/ OR BUS DRIVER",ANTI-MALE HOMOSEXUAL (GAY),Sexual Orientation,,Q36698087,Burglary/Robbery
202411412684017,2024,6,114,PATROL BORO QUEENS NORTH,QUEENS,MISDEMEANOR,ASSAULT 3 & RELATED OFFENSES,"MENACING,UNCLASSIFIED",ANTI-MALE HOMOSEXUAL (GAY),Sexual Orientation,,Q36697669,Harassment
202412112398517,2024,5,121,PATROL BORO STATEN ISLAND,RICHMOND,FELONY,ROBBERY,"ROBBERY,PERSONAL ELECTRONIC DEVICE",ANTI-TRANSGENDER,Gender,,S36676410,Burglary/Robbery
202001012410217,2020,10,10,PATROL BORO MAN SOUTH,NEW YORK,MISDEMEANOR,OFF. AGNST PUB ORD SENSBLTY &,AGGRAVATED HARASSMENT 2,ANTI-MALE HOMOSEXUAL (GAY),Sexual Orientation,,M32704105,Harassment
202010012315917,2020,8,100,PATROL BORO QUEENS SOUTH,QUEENS,MISDEMEANOR,OFF. AGNST PUB ORD SENSBLTY &,AGGRAVATED HARASSMENT 2,ANTI-MALE HOMOSEXUAL (GAY),Sexual Orientation,,Q32696688,Harassment
202010012361717,2020,10,100,PATROL BORO QUEENS SOUTH,QUEENS,MISDEMEANOR,OFF. AGNST PUB ORD SENSBLTY &,AGGRAVATED HARASSMENT 2,ANTI-MALE HOMOSEXUAL (GAY),Sexual Orientation,,Q32696681,Harassment
202101812689817,2021,10,18,PATROL BORO MAN SOUTH,NEW YORK,MISDEMEANOR,OFF. AGNST PUB ORD SENSBLTY &,AGGRAVATED HARASSMENT 2,ANTI-MALE HOMOSEXUAL (GAY),Sexual Orientation,,M33704604,Harassment
202101912466517,2021,6,19,PATROL BORO MAN NORTH,NEW YORK,MISDEMEANOR,OFF. AGNST PUB ORD SENSBLTY &,AGGRAVATED HARASSMENT 2,ANTI-MALE HOMOSEXUAL (GAY),Sexual Orientation,,M33697151,Harassment
202102812603717,2021,11,28,PATROL BORO MAN NORTH,NEW YORK,MISDEMEANOR,OFF. AGNST PUB ORD SENSBLTY &,AGGRAVATED HARASSMENT 2,ANTI-MALE HOMOSEXUAL (GAY),Sexual Orientation,,M33707370,Harassment
202103412277017,2021,4,34,PATROL BORO MAN NORTH,NEW YORK,MISDEMEANOR,OFF. AGNST PUB ORD SENSBLTY &,AGGRAVATED HARASSMENT 2,ANTI-MALE HOMOSEXUAL (GAY),Sexual Orientation,,M33688566,Harassment
202108412135017,2021,2,84,PATROL BORO BKLYN NORTH,KINGS,MISDEMEANOR,OFF. AGNST PUB ORD SENSBLTY &,AGGRAVATED HARASSMENT 2,ANTI-MALE HOMOSEXUAL (GAY),Sexual Orientation,,K33681624,Harassment
202201712306317,2022,6,17,PATROL BORO MAN SOUTH,NEW YORK,MISDEMEANOR,OFF. AGNST PUB ORD SENSBLTY &,AGGRAVATED HARASSMENT 2,ANTI-MALE HOMOSEXUAL (GAY),Sexual Orientation,,M34694269,Harassment
202207012365017,2022,5,70,PATROL BORO BKLYN SOUTH,KINGS,MISDEMEANOR,OFF. AGNST PUB ORD SENSBLTY &,AGGRAVATED HARASSMENT 2,ANTI-MALE HOMOSEXUAL (GAY),Sexual Orientation,,M34701480,Harassment
202207812373917,2022,7,78,PATROL BORO BKLYN SOUTH,KINGS,MISDEMEANOR,OFF. AGNST PUB ORD SENSBLTY &,AGGRAVATED HARASSMENT 2,ANTI-MALE HOMOSEXUAL (GAY),Sexual Orientation,,K34702073,Harassment
202207912245217,2022,3,79,PATROL BORO BKLYN NORTH,KINGS,MISDEMEANOR,OFF. AGNST PUB ORD SENSBLTY &,AGGRAVATED HARASSMENT 2,ANTI-MALE HOMOSEXUAL (GAY),Sexual Orientation,,K34688014,Harassment
202211012083717,2022,1,110,PATROL BORO QUEENS NORTH,QUEENS,MISDEMEANOR,OFF. AGNST PUB ORD SENSBLTY &,AGGRAVATED HARASSMENT 2,ANTI-MALE HOMOSEXUAL (GAY),Sexual Orientation,,Q34675783,Harassment
202300712124717,2023,1,7,PATROL BORO MAN SOUTH,NEW YORK,MISDEMEANOR,OFF. AGNST PUB ORD SENSBLTY &,AGGRAVATED HARASSMENT 2,ANTI-MALE HOMOSEXUAL (GAY),Sexual Orientation,,M35679080,Harassment
202301012191417,2023,3,10,PATROL BORO MAN SOUTH,NEW YORK,MISDEMEANOR,OFF. AGNST PUB ORD SENSBLTY &,AGGRAVATED HARASSMENT 2,ANTI-MALE HOMOSEXUAL (GAY),Sexual Orientation,,M35684079,Harassment
202301812501717,2023,5,18,PATROL BORO MAN SOUTH,NEW YORK,MISDEMEANOR,OFF. AGNST PUB ORD SENSBLTY &,AGGRAVATED HARASSMENT 2,ANTI-TRANSGENDER,Gender,,M35719779,Harassment
202301812966717,2023,10,18,PATROL BORO MAN SOUTH,NEW YORK,MISDEMEANOR,OFF. AGNST PUB ORD SENSBLTY &,AGGRAVATED HARASSMENT 2,ANTI-MALE HOMOSEXUAL (GAY),Sexual Orientation,,M36675054,Harassment
202303312237117,2023,4,33,PATROL BORO MAN NORTH,NEW YORK,MISDEMEANOR,OFF. AGNST PUB ORD SENSBLTY &,AGGRAVATED HARASSMENT 2,ANTI-TRANSGENDER,Gender,,M35690547,Harassment
202310312621817,2023,5,103,PATROL BORO QUEENS SOUTH,QUEENS,MISDEMEANOR,OFF. AGNST PUB ORD SENSBLTY &,AGGRAVATED HARASSMENT 2,ANTI-TRANSGENDER,Gender,,Q35718300,Harassment
202310812856717,2023,10,108,PATROL BORO QUEENS NORTH,QUEENS,MISDEMEANOR,OFF. AGNST PUB ORD SENSBLTY &,AGGRAVATED HARASSMENT 2,ANTI-MALE HOMOSEXUAL (GAY),Sexual Orientation,,Q35714124,Harassment
202311412378117,2023,3,114,PATROL BORO QUEENS NORTH,QUEENS,MISDEMEANOR,OFF. AGNST PUB ORD SENSBLTY &,AGGRAVATED HARASSMENT 2,ANTI-MALE HOMOSEXUAL (GAY),Sexual Orientation,,Q35685698,Harassment
202406712163017,2024,1,67,PATROL BORO BKLYN SOUTH,KINGS,MISDEMEANOR,OFF. AGNST PUB ORD SENSBLTY &,AGGRAVATED HARASSMENT 2,ANTI-FEMALE HOMOSEXUAL (LESBIAN),Sexual Orientation,,K36686435,Harassment
201906713099717,2019,10,67,PATROL BORO BKLYN SOUTH,KINGS,FELONY,FELONY ASSAULT,"ASSAULT 2,1,UNCLASSIFIED",ANTI-MALE HOMOSEXUAL (GAY),Sexual Orientation,,K31726204,Violent
201907512550517,2019,4,75,PATROL BORO BKLYN NORTH,KINGS,FELONY,FELONY ASSAULT,"ASSAULT 2,1,UNCLASSIFIED",ANTI-FEMALE HOMOSEXUAL (LESBIAN),Sexual Orientation,,K31690691,Violent
201907513199517,2019,8,75,PATROL BORO BKLYN NORTH,KINGS,FELONY,FELONY ASSAULT,"ASSAULT 2,1,UNCLASSIFIED",ANTI-MALE HOMOSEXUAL (GAY),Sexual Orientation,,K31714905,Violent
201907513730717,2019,11,75,PATROL BORO BKLYN NORTH,KINGS,FELONY,FELONY ASSAULT,"ASSAULT 2,1,UNCLASSIFIED",ANTI-MALE HOMOSEXUAL (GAY),Sexual Orientation,,K31727109,Violent
201907612245617,2019,7,76,PATROL BORO BKLYN SOUTH,KINGS,FELONY,FELONY ASSAULT,"ASSAULT 2,1,UNCLASSIFIED",ANTI-MALE HOMOSEXUAL (GAY),Sexual Orientation,,K31708016,Violent
201907612245617,2019,7,76,PATROL BORO BKLYN SOUTH,KINGS,FELONY,FELONY ASSAULT,"ASSAULT 2,1,UNCLASSIFIED",ANTI-MALE HOMOSEXUAL (GAY),Sexual Orientation,,K31708045,Violent
201908112373817,2019,6,81,PATROL BORO BKLYN NORTH,KINGS,FELONY,FELONY ASSAULT,"ASSAULT 2,1,UNCLASSIFIED",ANTI-TRANSGENDER,Gender,,K31709845,Violent
201908412100817,2019,1,84,PATROL BORO BKLYN NORTH,KINGS,FELONY,FELONY ASSAULT,"ASSAULT 2,1,UNCLASSIFIED",ANTI-TRANSGENDER,Gender,,K31674720,Violent
202007512676517,2020,5,75,PATROL BORO BKLYN NORTH,KINGS,FELONY,FELONY ASSAULT,"ASSAULT 2,1,UNCLASSIFIED",ANTI-TRANSGENDER,Gender,,K32688942,Violent
202107812395817,2021,9,78,PATROL BORO BKLYN SOUTH,KINGS,FELONY,FELONY ASSAULT,"ASSAULT 2,1,UNCLASSIFIED",ANTI-FEMALE HOMOSEXUAL (LESBIAN),Sexual Orientation,,K33704955,Violent
202107912465417,2021,6,79,PATROL BORO BKLYN NORTH,KINGS,FELONY,FELONY ASSAULT,"ASSAULT 2,1,UNCLASSIFIED",ANTI-MALE HOMOSEXUAL (GAY),Sexual Orientation,,K33694392,Violent
202207012522217,2022,7,70,PATROL BORO BKLYN SOUTH,KINGS,FELONY,FELONY ASSAULT,"ASSAULT 2,1,UNCLASSIFIED",ANTI-MALE HOMOSEXUAL (GAY),Sexual Orientation,,K34708425,Violent
202208312293517,2022,4,83,PATROL BORO BKLYN NORTH,KINGS,FELONY,FELONY ASSAULT,"ASSAULT 2,1,UNCLASSIFIED",ANTI-MALE HOMOSEXUAL (GAY),Sexual Orientation,,K34687288,Violent
202307112674517,2023,9,71,PATROL BORO BKLYN SOUTH,KINGS,FELONY,FELONY ASSAULT,"ASSAULT 2,1,UNCLASSIFIED",ANTI-MALE HOMOSEXUAL (GAY),Sexual Orientation,,K35719634,Violent
202307812252817,2023,4,78,PATROL BORO BKLYN SOUTH,KINGS,FELONY,FELONY ASSAULT,"ASSAULT 2,1,UNCLASSIFIED",ANTI-MALE HOMOSEXUAL (GAY),Sexual Orientation,,K35690831,Violent
202308412551117,2023,8,84,PATROL BORO BKLYN NORTH,KINGS,FELONY,FELONY ASSAULT,"ASSAULT 2,1,UNCLASSIFIED",ANTI-MALE HOMOSEXUAL (GAY),Sexual Orientation,,K35723746,Violent
202309012687117,2023,9,90,PATROL BORO BKLYN NORTH,KINGS,FELONY,FELONY ASSAULT,"ASSAULT 2,1,UNCLASSIFIED",ANTI-MALE HOMOSEXUAL (GAY),Sexual Orientation,,K35718539,Violent
202309012790717,2023,9,90,PATROL BORO BKLYN NORTH,KINGS,FELONY,FELONY ASSAULT,"ASSAULT 2,1,UNCLASSIFIED",ANTI-TRANSGENDER,Gender,,K35726263,Violent
202309012814717,2023,11,90,PATROL BORO BKLYN NORTH,KINGS,FELONY,FELONY ASSAULT,"ASSAULT 2,1,UNCLASSIFIED",ANTI-MALE HOMOSEXUAL (GAY),Sexual Orientation,,K35736399,Violent
202406112385817,2024,5,61,PATROL BORO BKLYN SOUTH,KINGS,FELONY,FELONY ASSAULT,"ASSAULT 2,1,UNCLASSIFIED",ANTI-MALE HOMOSEXUAL (GAY),Sexual Orientation,,K36702710,Violent
202406112385817,2024,5,61,PATROL BORO BKLYN SOUTH,KINGS,FELONY,FELONY ASSAULT,"ASSAULT 2,1,UNCLASSIFIED",ANTI-MALE HOMOSEXUAL (GAY),Sexual Orientation,,K36701963,Violent
202406712163117,2024,1,67,PATROL BORO BKLYN SOUTH,KINGS,FELONY,FELONY ASSAULT,"ASSAULT 2,1,UNCLASSIFIED",ANTI-FEMALE HOMOSEXUAL (LESBIAN),Sexual Orientation,,K36686426,Violent
202409012378817,2024,5,90,PATROL BORO BKLYN NORTH,KINGS,FELONY,FELONY ASSAULT,"ASSAULT 2,1,UNCLASSIFIED",ANTI-TRANSGENDER,Gender,,K36701409,Violent
201904612204817,2019,2,46,PATROL BORO BRONX,BRONX,FELONY,FELONY ASSAULT,"ASSAULT 2,1,UNCLASSIFIED",ANTI-MALE HOMOSEXUAL (GAY),Sexual Orientation,,B31678218,Violent
201910112540217,2019,10,101,PATROL BORO QUEENS SOUTH,QUEENS,FELONY,FELONY ASSAULT,"ASSAULT 2,1,UNCLASSIFIED",ANTI-TRANSGENDER,Gender,,Q31710151,Violent
201911512784517,2019,9,115,PATROL BORO QUEENS NORTH,QUEENS,FELONY,FELONY ASSAULT,"ASSAULT 2,1,UNCLASSIFIED",ANTI-MALE HOMOSEXUAL (GAY),Sexual Orientation,,Q32674328,Violent
201911512784517,2019,9,115,PATROL BORO QUEENS NORTH,QUEENS,FELONY,FELONY ASSAULT,"ASSAULT 2,1,UNCLASSIFIED",ANTI-MALE HOMOSEXUAL (GAY),Sexual Orientation,,Q32674324,Violent
201911512784517,2019,9,115,PATROL BORO QUEENS NORTH,QUEENS,FELONY,FELONY ASSAULT,"ASSAULT 2,1,UNCLASSIFIED",ANTI-MALE HOMOSEXUAL (GAY),Sexual Orientation,,Q31717201,Violent
202004013353317,2020,12,40,PATROL BORO BRONX,BRONX,FELONY,FELONY ASSAULT,"ASSAULT 2,1,UNCLASSIFIED",ANTI-FEMALE HOMOSEXUAL (LESBIAN),Sexual Orientation,,B33672940,Violent
202105212980717,2021,10,52,PATROL BORO BRONX,BRONX,FELONY,FELONY ASSAULT,"ASSAULT 2,1,UNCLASSIFIED",ANTI-TRANSGENDER,Gender,,B33699963,Violent
202110312864217,2021,7,103,PATROL BORO QUEENS SOUTH,QUEENS,FELONY,FELONY ASSAULT,"ASSAULT 2,1,UNCLASSIFIED",ANTI-MALE HOMOSEXUAL (GAY),Sexual Orientation,,Q33689318,Violent
202111512568317,2021,7,115,PATROL BORO QUEENS NORTH,QUEENS,FELONY,FELONY ASSAULT,"ASSAULT 2,1,UNCLASSIFIED",ANTI-GENDER NON-CONFORMING,Gender,,Q33690220,Violent
202204012642117,2022,6,40,PATROL BORO BRONX,BRONX,FELONY,FELONY ASSAULT,"ASSAULT 2,1,UNCLASSIFIED",ANTI-MALE HOMOSEXUAL (GAY),Sexual Orientation,,B34691021,Violent
202204612316017,2022,3,46,PATROL BORO BRONX,BRONX,FELONY,FELONY ASSAULT,"ASSAULT 2,1,UNCLASSIFIED",ANTI-MALE HOMOSEXUAL (GAY),Sexual Orientation,,B34681734,Violent
202204912792117,2022,10,49,PATROL BORO BRONX,BRONX,FELONY,FELONY ASSAULT,"ASSAULT 2,1,UNCLASSIFIED",ANTI-MALE HOMOSEXUAL (GAY),Sexual Orientation,,B34707656,Violent
202210412720517,2022,9,104,PATROL BORO QUEENS NORTH,QUEENS,FELONY,FELONY ASSAULT,"ASSAULT 2,1,UNCLASSIFIED",ANTI-MALE HOMOSEXUAL (GAY),Sexual Orientation,,Q34711440,Violent
202210412720717,2022,8,104,PATROL BORO QUEENS NORTH,QUEENS,FELONY,FELONY ASSAULT,"ASSAULT 2,1,UNCLASSIFIED",ANTI-MALE HOMOSEXUAL (GAY),Sexual Orientation,,Q34702377,Violent
202211012074317,2022,1,110,PATROL BORO QUEENS NORTH,QUEENS,FELONY,FELONY ASSAULT,"ASSAULT 2,1,UNCLASSIFIED",ANTI-MALE HOMOSEXUAL (GAY),Sexual Orientation,,Q34675780,Violent
202211012074717,2022,1,110,PATROL BORO QUEENS NORTH,QUEENS,FELONY,FELONY ASSAULT,"ASSAULT 2,1,UNCLASSIFIED",ANTI-MALE HOMOSEXUAL (GAY),Sexual Orientation,,Q34675785,Violent
202304512253817,2023,3,45,PATROL BORO BRONX,BRONX,FELONY,FELONY ASSAULT,"ASSAULT 2,1,UNCLASSIFIED",ANTI-TRANSGENDER,Gender,,B35683866,Violent
202304612847017,2023,7,46,PATROL BORO BRONX,BRONX,FELONY,FELONY ASSAULT,"ASSAULT 2,1,UNCLASSIFIED",ANTI-MALE HOMOSEXUAL (GAY),Sexual Orientation,,B35706879,Violent
202305213303717,2023,11,52,PATROL BORO BRONX,BRONX,FELONY,FELONY ASSAULT,"ASSAULT 2,1,UNCLASSIFIED",ANTI-MALE HOMOSEXUAL (GAY),Sexual Orientation,,B35722304,Violent
202311512358717,2023,3,115,PATROL BORO QUEENS NORTH,QUEENS,FELONY,FELONY ASSAULT,"ASSAULT 2,1,UNCLASSIFIED",ANTI-MALE HOMOSEXUAL (GAY),Sexual Orientation,,Q35683299,Violent
202311512892817,2023,8,115,PATROL BORO QUEENS NORTH,QUEENS,FELONY,FELONY ASSAULT,"ASSAULT 2,1,UNCLASSIFIED",ANTI-MALE HOMOSEXUAL (GAY),Sexual Orientation,,Q35716790,Violent
202404412521817,2024,4,44,PATROL BORO BRONX,BRONX,FELONY,FELONY ASSAULT,"ASSAULT 2,1,UNCLASSIFIED",ANTI-MALE HOMOSEXUAL (GAY),Sexual Orientation,,B36687750,Violent
202411412309317,2024,2,114,PATROL BORO QUEENS NORTH,QUEENS,FELONY,FELONY ASSAULT,"ASSAULT 2,1,UNCLASSIFIED",ANTI-MALE HOMOSEXUAL (GAY),Sexual Orientation,,Q36682859,Violent
202411412309317,2024,2,114,PATROL BORO QUEENS NORTH,QUEENS,FELONY,FELONY ASSAULT,"ASSAULT 2,1,UNCLASSIFIED",ANTI-MALE HOMOSEXUAL (GAY),Sexual Orientation,,Q36687092,Violent
202411412309417,2024,2,114,PATROL BORO QUEENS NORTH,QUEENS,FELONY,FELONY ASSAULT,"ASSAULT 2,1,UNCLASSIFIED",ANTI-MALE HOMOSEXUAL (GAY),Sexual Orientation,,Q36682861,Violent
201902512693417,2019,9,25,PATROL BORO MAN NORTH,NEW YORK,FELONY,FELONY ASSAULT,"ASSAULT 2,1,UNCLASSIFIED",ANTI-FEMALE HOMOSEXUAL (LESBIAN),Sexual Orientation,,M31712039,Violent
201902512693417,2019,9,25,PATROL BORO MAN NORTH,NEW YORK,FELONY,FELONY ASSAULT,"ASSAULT 2,1,UNCLASSIFIED",ANTI-FEMALE HOMOSEXUAL (LESBIAN),Sexual Orientation,,M31712037,Violent
201902512693417,2019,9,25,PATROL BORO MAN NORTH,NEW YORK,FELONY,FELONY ASSAULT,"ASSAULT 2,1,UNCLASSIFIED",ANTI-FEMALE HOMOSEXUAL (LESBIAN),Sexual Orientation,,M31712034,Violent
201903312542117,2019,11,33,PATROL BORO MAN NORTH,NEW YORK,FELONY,FELONY ASSAULT,"ASSAULT 2,1,UNCLASSIFIED",ANTI-FEMALE HOMOSEXUAL (LESBIAN),Sexual Orientation,,M31721880,Violent
202102412277917,2021,6,24,PATROL BORO MAN NORTH,NEW YORK,FELONY,FELONY ASSAULT,"ASSAULT 2,1,UNCLASSIFIED",ANTI-GENDER NON-CONFORMING,Gender,,M33688716,Violent
202102512481117,2021,7,25,PATROL BORO MAN NORTH,NEW YORK,FELONY,FELONY ASSAULT,"ASSAULT 2,1,UNCLASSIFIED",ANTI-MALE HOMOSEXUAL (GAY),Sexual Orientation,,M33694195,Violent
202102512481117,2021,7,25,PATROL BORO MAN NORTH,NEW YORK,FELONY,FELONY ASSAULT,"ASSAULT 2,1,UNCLASSIFIED",ANTI-MALE HOMOSEXUAL (GAY),Sexual Orientation,,M33694200,Violent
202102512481117,2021,7,25,PATROL BORO MAN NORTH,NEW YORK,FELONY,FELONY ASSAULT,"ASSAULT 2,1,UNCLASSIFIED",ANTI-MALE HOMOSEXUAL (GAY),Sexual Orientation,,M33694197,Violent
202102512481117,2021,7,25,PATROL BORO MAN NORTH,NEW YORK,FELONY,FELONY ASSAULT,"ASSAULT 2,1,UNCLASSIFIED",ANTI-MALE HOMOSEXUAL (GAY),Sexual Orientation,,M33694199,Violent
202202812507717,2022,8,28,PATROL BORO MAN NORTH,NEW YORK,FELONY,FELONY ASSAULT,"ASSAULT 2,1,UNCLASSIFIED",ANTI-MALE HOMOSEXUAL (GAY),Sexual Orientation,,M35692676,Violent
202203312158917,2022,2,33,PATROL BORO MAN NORTH,NEW YORK,FELONY,FELONY ASSAULT,"ASSAULT 2,1,UNCLASSIFIED",ANTI-TRANSGENDER,Gender,,M34678783,Violent
202302512597317,2023,7,25,PATROL BORO MAN NORTH,NEW YORK,FELONY,FELONY ASSAULT,"ASSAULT 2,1,UNCLASSIFIED",ANTI-MALE HOMOSEXUAL (GAY),Sexual Orientation,,M35702763,Violent
202302812100917,2023,1,28,PATROL BORO MAN NORTH,NEW YORK,FELONY,FELONY ASSAULT,"ASSAULT 2,1,UNCLASSIFIED",ANTI-MALE HOMOSEXUAL (GAY),Sexual Orientation,,M35674591,Violent
202303012337417,2023,6,30,PATROL BORO MAN NORTH,NEW YORK,FELONY,FELONY ASSAULT,"ASSAULT 2,1,UNCLASSIFIED",ANTI-MALE HOMOSEXUAL (GAY),Sexual Orientation,,M35701647,Violent
202402512373517,2024,4,25,PATROL BORO MAN NORTH,NEW YORK,FELONY,FELONY ASSAULT,"ASSAULT 2,1,UNCLASSIFIED",ANTI-MALE HOMOSEXUAL (GAY),Sexual Orientation,,M36692717,Violent
202001012253017,2020,6,10,PATROL BORO MAN SOUTH,NEW YORK,FELONY,FELONY ASSAULT,"ASSAULT 2,1,UNCLASSIFIED",ANTI-MALE HOMOSEXUAL (GAY),Sexual Orientation,,M32690599,Violent
202001812697817,2020,12,18,PATROL BORO MAN SOUTH,NEW YORK,FELONY,FELONY ASSAULT,"ASSAULT 2,1,UNCLASSIFIED",ANTI-MALE HOMOSEXUAL (GAY),Sexual Orientation,,M32705927,Violent
202100112380817,2021,6,1,PATROL BORO MAN SOUTH,NEW YORK,FELONY,FELONY ASSAULT,"ASSAULT 2,1,UNCLASSIFIED",ANTI-MALE HOMOSEXUAL (GAY),Sexual Orientation,,M33693696,Violent
202100612296417,2021,6,6,PATROL BORO MAN SOUTH,NEW YORK,FELONY,FELONY ASSAULT,"ASSAULT 2,1,UNCLASSIFIED",ANTI-MALE HOMOSEXUAL (GAY),Sexual Orientation,,M33690930,Violent
202200112266417,2022,3,1,PATROL BORO MAN SOUTH,NEW YORK,FELONY,FELONY ASSAULT,"ASSAULT 2,1,UNCLASSIFIED",ANTI-MALE HOMOSEXUAL (GAY),Sexual Orientation,,M34681408,Violent
202200512640617,2022,12,5,PATROL BORO MAN SOUTH,NEW YORK,FELONY,FELONY ASSAULT,"ASSAULT 2,1,UNCLASSIFIED",ANTI-FEMALE HOMOSEXUAL (LESBIAN),Sexual Orientation,,M35672659,Violent
202201012137917,2022,2,10,PATROL BORO MAN SOUTH,NEW YORK,FELONY,FELONY ASSAULT,"ASSAULT 2,1,UNCLASSIFIED",ANTI-MALE HOMOSEXUAL (GAY),Sexual Orientation,,M34681365,Violent
202201012389217,2022,7,10,PATROL BORO MAN SOUTH,NEW YORK,FELONY,FELONY ASSAULT,"ASSAULT 2,1,UNCLASSIFIED",ANTI-MALE HOMOSEXUAL (GAY),Sexual Orientation,,M34700312,Violent
202201012389217,2022,7,10,PATROL BORO MAN SOUTH,NEW YORK,FELONY,FELONY ASSAULT,"ASSAULT 2,1,UNCLASSIFIED",ANTI-MALE HOMOSEXUAL (GAY),Sexual Orientation,,M34700310,Violent
202201012567417,2022,11,10,PATROL BORO MAN SOUTH,NEW YORK,FELONY,FELONY ASSAULT,"ASSAULT 2,1,UNCLASSIFIED",ANTI-TRANSGENDER,Gender,,M34715337,Violent
202301012484717,2023,9,10,PATROL BORO MAN SOUTH,NEW YORK,FELONY,FELONY ASSAULT,"ASSAULT 2,1,UNCLASSIFIED",ANTI-MALE HOMOSEXUAL (GAY),Sexual Orientation,,M35715336,Violent
202301012484717,2023,9,10,PATROL BORO MAN SOUTH,NEW YORK,FELONY,FELONY ASSAULT,"ASSAULT 2,1,UNCLASSIFIED",ANTI-MALE HOMOSEXUAL (GAY),Sexual Orientation,,M35715392,Violent
202301012484717,2023,9,10,PATROL BORO MAN SOUTH,NEW YORK,FELONY,FELONY ASSAULT,"ASSAULT 2,1,UNCLASSIFIED",ANTI-MALE HOMOSEXUAL (GAY),Sexual Orientation,,M35715555,Violent
202301012484717,2023,9,10,PATROL BORO MAN SOUTH,NEW YORK,FELONY,FELONY ASSAULT,"ASSAULT 2,1,UNCLASSIFIED",ANTI-MALE HOMOSEXUAL (GAY),Sexual Orientation,,M35715334,Violent
202301312620117,2023,8,13,PATROL BORO MAN SOUTH,NEW YORK,FELONY,FELONY ASSAULT,"ASSAULT 2,1,UNCLASSIFIED",ANTI-MALE HOMOSEXUAL (GAY),Sexual Orientation,,M35706446,Violent
202301812331717,2023,4,18,PATROL BORO MAN SOUTH,NEW YORK,FELONY,FELONY ASSAULT,"ASSAULT 2,1,UNCLASSIFIED",ANTI-MALE HOMOSEXUAL (GAY),Sexual Orientation,,M35690309,Violent
202301812331717,2023,4,18,PATROL BORO MAN SOUTH,NEW YORK,FELONY,FELONY ASSAULT,"ASSAULT 2,1,UNCLASSIFIED",ANTI-MALE HOMOSEXUAL (GAY),Sexual Orientation,,M35693823,Violent
202301812331717,2023,4,18,PATROL BORO MAN SOUTH,NEW YORK,FELONY,FELONY ASSAULT,"ASSAULT 2,1,UNCLASSIFIED",ANTI-MALE HOMOSEXUAL (GAY),Sexual Orientation,,M35694100,Violent
202301812331717,2023,4,18,PATROL BORO MAN SOUTH,NEW YORK,FELONY,FELONY ASSAULT,"ASSAULT 2,1,UNCLASSIFIED",ANTI-MALE HOMOSEXUAL (GAY),Sexual Orientation,,M35692893,Violent
202301812331717,2023,4,18,PATROL BORO MAN SOUTH,NEW YORK,FELONY,FELONY ASSAULT,"ASSAULT 2,1,UNCLASSIFIED",ANTI-MALE HOMOSEXUAL (GAY),Sexual Orientation,,M35694668,Violent
202400712168117,2024,2,7,PATROL BORO MAN SOUTH,NEW YORK,FELONY,FELONY ASSAULT,"ASSAULT 2,1,UNCLASSIFIED",ANTI-MALE HOMOSEXUAL (GAY),Sexual Orientation,,M36684870,Violent
202401412380917,2024,3,14,PATROL BORO MAN SOUTH,NEW YORK,FELONY,FELONY ASSAULT,"ASSAULT 2,1,UNCLASSIFIED",ANTI-MALE HOMOSEXUAL (GAY),Sexual Orientation,,M36683374,Violent
201907612335617,2019,10,76,PATROL BORO BKLYN SOUTH,KINGS,MISDEMEANOR,ASSAULT 3 & RELATED OFFENSES,ASSAULT 3,ANTI-MALE HOMOSEXUAL (GAY),Sexual Orientation,,K31724759,Violent
202207012522917,2022,7,70,PATROL BORO BKLYN SOUTH,KINGS,MISDEMEANOR,ASSAULT 3 & RELATED OFFENSES,ASSAULT 3,ANTI-MALE HOMOSEXUAL (GAY),Sexual Orientation,,K34708427,Violent
202307012454817,2023,5,70,PATROL BORO BKLYN SOUTH,KINGS,MISDEMEANOR,ASSAULT 3 & RELATED OFFENSES,ASSAULT 3,ANTI-MALE HOMOSEXUAL (GAY),Sexual Orientation,,K35701481,Violent
201907912268617,2019,3,79,PATROL BORO BKLYN NORTH,KINGS,MISDEMEANOR,ASSAULT 3 & RELATED OFFENSES,ASSAULT 3,ANTI-MALE HOMOSEXUAL (GAY),Sexual Orientation,,K31688657,Violent
201909412267917,2019,6,94,PATROL BORO BKLYN NORTH,KINGS,MISDEMEANOR,ASSAULT 3 & RELATED OFFENSES,ASSAULT 3,ANTI-MALE HOMOSEXUAL (GAY),Sexual Orientation,,K31702285,Violent
202108112478917,2021,9,81,PATROL BORO BKLYN NORTH,KINGS,MISDEMEANOR,ASSAULT 3 & RELATED OFFENSES,ASSAULT 3,ANTI-MALE HOMOSEXUAL (GAY),Sexual Orientation,,K33703368,Violent
202207313180917,2022,11,73,PATROL BORO BKLYN NORTH,KINGS,MISDEMEANOR,ASSAULT 3 & RELATED OFFENSES,ASSAULT 3,ANTI-TRANSGENDER,Gender,,K34720635,Violent
202207512180617,2022,1,75,PATROL BORO BKLYN NORTH,KINGS,MISDEMEANOR,ASSAULT 3 & RELATED OFFENSES,ASSAULT 3,ANTI-TRANSGENDER,Gender,,K34687419,Violent
202208412439317,2022,7,84,PATROL BORO BKLYN NORTH,KINGS,MISDEMEANOR,ASSAULT 3 & RELATED OFFENSES,ASSAULT 3,ANTI-MALE HOMOSEXUAL (GAY),Sexual Orientation,,K34702074,Violent
202307712817017,2023,12,77,PATROL BORO BKLYN NORTH,KINGS,MISDEMEANOR,ASSAULT 3 & RELATED OFFENSES,ASSAULT 3,ANTI-MALE HOMOSEXUAL (GAY),Sexual Orientation,,K35733591,Violent
202307712817217,2023,12,77,PATROL BORO BKLYN NORTH,KINGS,MISDEMEANOR,ASSAULT 3 & RELATED OFFENSES,ASSAULT 3,ANTI-MALE HOMOSEXUAL (GAY),Sexual Orientation,,K35733591,Violent
202307712817217,2023,12,77,PATROL BORO BKLYN NORTH,KINGS,MISDEMEANOR,ASSAULT 3 & RELATED OFFENSES,ASSAULT 3,ANTI-MALE HOMOSEXUAL (GAY),Sexual Orientation,,K35733594,Violent
202308312940417,2023,11,83,PATROL BORO BKLYN NORTH,KINGS,MISDEMEANOR,ASSAULT 3 & RELATED OFFENSES,ASSAULT 3,ANTI-MALE HOMOSEXUAL (GAY),Sexual Orientation,,K35731969,Violent
201910712236517,2019,4,107,PATROL BORO QUEENS SOUTH,QUEENS,MISDEMEANOR,ASSAULT 3 & RELATED OFFENSES,ASSAULT 3,ANTI-MALE HOMOSEXUAL (GAY),Sexual Orientation,,Q31685005,Violent
201910712236517,2019,4,107,PATROL BORO QUEENS SOUTH,QUEENS,MISDEMEANOR,ASSAULT 3 & RELATED OFFENSES,ASSAULT 3,ANTI-MALE HOMOSEXUAL (GAY),Sexual Orientation,,Q31684836,Violent
201911012501517,2019,6,110,PATROL BORO QUEENS NORTH,QUEENS,MISDEMEANOR,ASSAULT 3 & RELATED OFFENSES,ASSAULT 3,ANTI-TRANSGENDER,Gender,,Q31696472,Violent
201911012501917,2019,6,110,PATROL BORO QUEENS NORTH,QUEENS,MISDEMEANOR,ASSAULT 3 & RELATED OFFENSES,ASSAULT 3,ANTI-TRANSGENDER,Gender,,Q31699814,Violent
201911012502017,2019,6,110,PATROL BORO QUEENS NORTH,QUEENS,MISDEMEANOR,ASSAULT 3 & RELATED OFFENSES,ASSAULT 3,ANTI-TRANSGENDER,Gender,,Q31699816,Violent
201911512784617,2019,9,115,PATROL BORO QUEENS NORTH,QUEENS,MISDEMEANOR,ASSAULT 3 & RELATED OFFENSES,ASSAULT 3,ANTI-MALE HOMOSEXUAL (GAY),Sexual Orientation,,Q31717202,Violent
201911512784617,2019,9,115,PATROL BORO QUEENS NORTH,QUEENS,MISDEMEANOR,ASSAULT 3 & RELATED OFFENSES,ASSAULT 3,ANTI-MALE HOMOSEXUAL (GAY),Sexual Orientation,,Q32674331,Violent
201911512784617,2019,9,115,PATROL BORO QUEENS NORTH,QUEENS,MISDEMEANOR,ASSAULT 3 & RELATED OFFENSES,ASSAULT 3,ANTI-MALE HOMOSEXUAL (GAY),Sexual Orientation,,Q32674334,Violent
202011112104117,2020,2,111,PATROL BORO QUEENS NORTH,QUEENS,MISDEMEANOR,ASSAULT 3 & RELATED OFFENSES,ASSAULT 3,ANTI-TRANSGENDER,Gender,,Q32676547,Violent
202011212227317,2020,5,112,PATROL BORO QUEENS NORTH,QUEENS,MISDEMEANOR,ASSAULT 3 & RELATED OFFENSES,ASSAULT 3,ANTI-MALE HOMOSEXUAL (GAY),Sexual Orientation,,Q32685894,Violent
202110112170417,2021,2,101,PATROL BORO QUEENS SOUTH,QUEENS,MISDEMEANOR,ASSAULT 3 & RELATED OFFENSES,ASSAULT 3,ANTI-MALE HOMOSEXUAL (GAY),Sexual Orientation,,Q33697244,Violent
202110812480717,2021,7,108,PATROL BORO QUEENS NORTH,QUEENS,MISDEMEANOR,ASSAULT 3 & RELATED OFFENSES,ASSAULT 3,ANTI-TRANSGENDER,Gender,,Q33695576,Violent
202110812483917,2021,7,108,PATROL BORO QUEENS NORTH,QUEENS,MISDEMEANOR,ASSAULT 3 & RELATED OFFENSES,ASSAULT 3,ANTI-MALE HOMOSEXUAL (GAY),Sexual Orientation,,Q33695573,Violent
202110812497217,2021,7,108,PATROL BORO QUEENS NORTH,QUEENS,MISDEMEANOR,ASSAULT 3 & RELATED OFFENSES,ASSAULT 3,ANTI-MALE HOMOSEXUAL (GAY),Sexual Orientation,,Q33695575,Violent
202111012313417,2021,4,110,PATROL BORO QUEENS NORTH,QUEENS,MISDEMEANOR,ASSAULT 3 & RELATED OFFENSES,ASSAULT 3,ANTI-TRANSGENDER,Gender,,Q33682365,Violent
202111012313717,2021,4,110,PATROL BORO QUEENS NORTH,QUEENS,MISDEMEANOR,ASSAULT 3 & RELATED OFFENSES,ASSAULT 3,ANTI-TRANSGENDER,Gender,,Q33682366,Violent
202111312777617,2021,9,113,PATROL BORO QUEENS SOUTH,QUEENS,MISDEMEANOR,ASSAULT 3 & RELATED OFFENSES,ASSAULT 3,ANTI-TRANSGENDER,Gender,,Q33696274,Violent
202210812480517,2022,7,108,PATROL BORO QUEENS NORTH,QUEENS,MISDEMEANOR,ASSAULT 3 & RELATED OFFENSES,ASSAULT 3,ANTI-MALE HOMOSEXUAL (GAY),Sexual Orientation,,Q34692651,Violent
202211012461017,2022,5,110,PATROL BORO QUEENS NORTH,QUEENS,MISDEMEANOR,ASSAULT 3 & RELATED OFFENSES,ASSAULT 3,ANTI-TRANSGENDER,Gender,,Q34685856,Violent
202310212490417,2023,6,102,PATROL BORO QUEENS SOUTH,QUEENS,MISDEMEANOR,ASSAULT 3 & RELATED OFFENSES,ASSAULT 3,ANTI-MALE HOMOSEXUAL (GAY),Sexual Orientation,,Q35700566,Violent
202310712316817,2023,4,107,PATROL BORO QUEENS SOUTH,QUEENS,MISDEMEANOR,ASSAULT 3 & RELATED OFFENSES,ASSAULT 3,ANTI-TRANSGENDER,Gender,,Q35685846,Violent
202311312456117,2023,5,113,PATROL BORO QUEENS SOUTH,QUEENS,MISDEMEANOR,ASSAULT 3 & RELATED OFFENSES,ASSAULT 3,ANTI-TRANSGENDER,Gender,,Q35722094,Violent
202311313035617,2023,11,113,PATROL BORO QUEENS SOUTH,QUEENS,MISDEMEANOR,ASSAULT 3 & RELATED OFFENSES,ASSAULT 3,ANTI-MALE HOMOSEXUAL (GAY),Sexual Orientation,,Q35714706,Violent
202004412215017,2020,2,44,PATROL BORO BRONX,BRONX,MISDEMEANOR,ASSAULT 3 & RELATED OFFENSES,ASSAULT 3,ANTI-MALE HOMOSEXUAL (GAY),Sexual Orientation,,B32676594,Violent
202012012524517,2020,8,120,PATROL BORO STATEN ISLAND,RICHMOND,MISDEMEANOR,ASSAULT 3 & RELATED OFFENSES,ASSAULT 3,ANTI-MALE HOMOSEXUAL (GAY),Sexual Orientation,,S32675775,Violent
202104212343917,2021,4,42,PATROL BORO BRONX,BRONX,MISDEMEANOR,ASSAULT 3 & RELATED OFFENSES,ASSAULT 3,ANTI-MALE HOMOSEXUAL (GAY),Sexual Orientation,,B33682164,Violent
202204612216717,2022,2,46,PATROL BORO BRONX,BRONX,MISDEMEANOR,ASSAULT 3 & RELATED OFFENSES,ASSAULT 3,ANTI-FEMALE HOMOSEXUAL (LESBIAN),Sexual Orientation,,B34677119,Violent
202205212549017,2022,5,52,PATROL BORO BRONX,BRONX,MISDEMEANOR,ASSAULT 3 & RELATED OFFENSES,ASSAULT 3,ANTI-TRANSGENDER,Gender,,B34688284,Violent
202212112486517,2022,6,121,PATROL BORO STATEN ISLAND,RICHMOND,MISDEMEANOR,ASSAULT 3 & RELATED OFFENSES,ASSAULT 3,ANTI-MALE HOMOSEXUAL (GAY),Sexual Orientation,,S34676876,Violent
202304512253917,2023,3,45,PATROL BORO BRONX,BRONX,MISDEMEANOR,ASSAULT 3 & RELATED OFFENSES,ASSAULT 3,ANTI-TRANSGENDER,Gender,,B35688605,Violent
202305012333317,2023,5,50,PATROL BORO BRONX,BRONX,MISDEMEANOR,ASSAULT 3 & RELATED OFFENSES,ASSAULT 3,ANTI-TRANSGENDER,Gender,,B35692832,Violent
202003012103417,2020,1,30,PATROL BORO MAN NORTH,NEW YORK,MISDEMEANOR,ASSAULT 3 & RELATED OFFENSES,ASSAULT 3,ANTI-LGBT (MIXED GROUP),Sexual Orientation,,M32676128,Violent
202003012103417,2020,1,30,PATROL BORO MAN NORTH,NEW YORK,MISDEMEANOR,ASSAULT 3 & RELATED OFFENSES,ASSAULT 3,ANTI-LGBT (MIXED GROUP),Sexual Orientation,,M32678917,Violent
202102412327917,2021,7,24,PATROL BORO MAN NORTH,NEW YORK,MISDEMEANOR,ASSAULT 3 & RELATED OFFENSES,ASSAULT 3,ANTI-MALE HOMOSEXUAL (GAY),Sexual Orientation,,M33711411,Violent
202102512800817,2021,11,25,PATROL BORO MAN NORTH,NEW YORK,MISDEMEANOR,ASSAULT 3 & RELATED OFFENSES,ASSAULT 3,ANTI-TRANSGENDER,Gender,,M33710672,Violent
202102812603617,2021,11,28,PATROL BORO MAN NORTH,NEW YORK,MISDEMEANOR,ASSAULT 3 & RELATED OFFENSES,ASSAULT 3,ANTI-MALE HOMOSEXUAL (GAY),Sexual Orientation,,M33707356,Violent
202201912281317,2022,3,19,PATROL BORO MAN NORTH,NEW YORK,MISDEMEANOR,ASSAULT 3 & RELATED OFFENSES,ASSAULT 3,ANTI-MALE HOMOSEXUAL (GAY),Sexual Orientation,,M34681598,Violent
202202312405417,2022,6,23,PATROL BORO MAN NORTH,NEW YORK,MISDEMEANOR,ASSAULT 3 & RELATED OFFENSES,ASSAULT 3,ANTI-FEMALE HOMOSEXUAL (LESBIAN),Sexual Orientation,,M34692871,Violent
202302212105317,2023,10,22,PATROL BORO MAN NORTH,NEW YORK,MISDEMEANOR,ASSAULT 3 & RELATED OFFENSES,ASSAULT 3,ANTI-MALE HOMOSEXUAL (GAY),Sexual Orientation,,M35714426,Violent
202302212105417,2023,10,22,PATROL BORO MAN NORTH,NEW YORK,MISDEMEANOR,ASSAULT 3 & RELATED OFFENSES,ASSAULT 3,ANTI-MALE HOMOSEXUAL (GAY),Sexual Orientation,,M35714431,Violent
202302512212017,2023,2,25,PATROL BORO MAN NORTH,NEW YORK,MISDEMEANOR,ASSAULT 3 & RELATED OFFENSES,ASSAULT 3,ANTI-MALE HOMOSEXUAL (GAY),Sexual Orientation,,M35680666,Violent
202302612373717,2023,9,26,PATROL BORO MAN NORTH,NEW YORK,MISDEMEANOR,ASSAULT 3 & RELATED OFFENSES,ASSAULT 3,ANTI-MALE HOMOSEXUAL (GAY),Sexual Orientation,,M36683655,Violent
202302612373717,2023,9,26,PATROL BORO MAN NORTH,NEW YORK,MISDEMEANOR,ASSAULT 3 & RELATED OFFENSES,ASSAULT 3,ANTI-MALE HOMOSEXUAL (GAY),Sexual Orientation,,M36683657,Violent
202302812238517,2023,4,28,PATROL BORO MAN NORTH,NEW YORK,MISDEMEANOR,ASSAULT 3 & RELATED OFFENSES,ASSAULT 3,ANTI-MALE HOMOSEXUAL (GAY),Sexual Orientation,,M35688018,Violent
202303312597717,2023,10,33,PATROL BORO MAN NORTH,NEW YORK,MISDEMEANOR,ASSAULT 3 & RELATED OFFENSES,ASSAULT 3,ANTI-MALE HOMOSEXUAL (GAY),Sexual Orientation,,M35717243,Violent
202403212275517,2024,3,32,PATROL BORO MAN NORTH,NEW YORK,MISDEMEANOR,ASSAULT 3 & RELATED OFFENSES,ASSAULT 3,ANTI-MALE HOMOSEXUAL (GAY),Sexual Orientation,,M36688114,Violent
202403312344517,2024,6,33,PATROL BORO MAN NORTH,NEW YORK,MISDEMEANOR,ASSAULT 3 & RELATED OFFENSES,ASSAULT 3,ANTI-MALE HOMOSEXUAL (GAY),Sexual Orientation,,M36702494,Violent
201900912215017,2019,3,9,PATROL BORO MAN SOUTH,NEW YORK,MISDEMEANOR,ASSAULT 3 & RELATED OFFENSES,ASSAULT 3,ANTI-MALE HOMOSEXUAL (GAY),Sexual Orientation,,M31693499,Violent
202001312781717,2020,11,13,PATROL BORO MAN SOUTH,NEW YORK,MISDEMEANOR,ASSAULT 3 & RELATED OFFENSES,ASSAULT 3,ANTI-MALE HOMOSEXUAL (GAY),Sexual Orientation,,M33672323,Violent
202101312110917,2021,1,13,PATROL BORO MAN SOUTH,NEW YORK,MISDEMEANOR,ASSAULT 3 & RELATED OFFENSES,ASSAULT 3,ANTI-MALE HOMOSEXUAL (GAY),Sexual Orientation,,M33676236,Violent
202101312139017,2021,2,13,PATROL BORO MAN SOUTH,NEW YORK,MISDEMEANOR,ASSAULT 3 & RELATED OFFENSES,ASSAULT 3,ANTI-TRANSGENDER,Gender,,M33676050,Violent
202101312435917,2021,6,13,PATROL BORO MAN SOUTH,NEW YORK,MISDEMEANOR,ASSAULT 3 & RELATED OFFENSES,ASSAULT 3,ANTI-MALE HOMOSEXUAL (GAY),Sexual Orientation,,M33690675,Violent
202101412846917,2021,9,14,PATROL BORO MAN SOUTH,NEW YORK,MISDEMEANOR,ASSAULT 3 & RELATED OFFENSES,ASSAULT 3,ANTI-MALE HOMOSEXUAL (GAY),Sexual Orientation,,M33699519,Violent
202200612405617,2022,6,6,PATROL BORO MAN SOUTH,NEW YORK,MISDEMEANOR,ASSAULT 3 & RELATED OFFENSES,ASSAULT 3,ANTI-MALE HOMOSEXUAL (GAY),Sexual Orientation,,M34697999,Violent
202200912072417,2022,1,9,PATROL BORO MAN SOUTH,NEW YORK,MISDEMEANOR,ASSAULT 3 & RELATED OFFENSES,ASSAULT 3,ANTI-MALE HOMOSEXUAL (GAY),Sexual Orientation,,M36673049,Violent
202200912072417,2022,1,9,PATROL BORO MAN SOUTH,NEW YORK,MISDEMEANOR,ASSAULT 3 & RELATED OFFENSES,ASSAULT 3,ANTI-MALE HOMOSEXUAL (GAY),Sexual Orientation,,M34686244,Violent
202201812963217,2022,10,18,PATROL BORO MAN SOUTH,NEW YORK,MISDEMEANOR,ASSAULT 3 & RELATED OFFENSES,ASSAULT 3,ANTI-MALE HOMOSEXUAL (GAY),Sexual Orientation,,M34718560,Violent
202300512410917,2023,7,5,PATROL BORO MAN SOUTH,NEW YORK,MISDEMEANOR,ASSAULT 3 & RELATED OFFENSES,ASSAULT 3,ANTI-TRANSGENDER,Gender,,M35703085,Violent
202300612541417,2023,8,6,PATROL BORO MAN SOUTH,NEW YORK,MISDEMEANOR,ASSAULT 3 & RELATED OFFENSES,ASSAULT 3,ANTI-TRANSGENDER,Gender,,M35724035,Violent
202300712647317,2023,11,7,PATROL BORO MAN SOUTH,NEW YORK,MISDEMEANOR,ASSAULT 3 & RELATED OFFENSES,ASSAULT 3,ANTI-FEMALE HOMOSEXUAL (LESBIAN),Sexual Orientation,,M35722789,Violent
202300912427917,2023,6,9,PATROL BORO MAN SOUTH,NEW YORK,MISDEMEANOR,ASSAULT 3 & RELATED OFFENSES,ASSAULT 3,ANTI-MALE HOMOSEXUAL (GAY),Sexual Orientation,,M35714206,Violent
202300912427917,2023,6,9,PATROL BORO MAN SOUTH,NEW YORK,MISDEMEANOR,ASSAULT 3 & RELATED OFFENSES,ASSAULT 3,ANTI-MALE HOMOSEXUAL (GAY),Sexual Orientation,,M36703039,Violent
202300912428017,2023,6,9,PATROL BORO MAN SOUTH,NEW YORK,MISDEMEANOR,ASSAULT 3 & RELATED OFFENSES,ASSAULT 3,ANTI-MALE HOMOSEXUAL (GAY),Sexual Orientation,,M36703040,Violent
202300912428017,2023,6,9,PATROL BORO MAN SOUTH,NEW YORK,MISDEMEANOR,ASSAULT 3 & RELATED OFFENSES,ASSAULT 3,ANTI-MALE HOMOSEXUAL (GAY),Sexual Orientation,,M35714207,Violent
202301012128117,2023,2,10,PATROL BORO MAN SOUTH,NEW YORK,MISDEMEANOR,ASSAULT 3 & RELATED OFFENSES,ASSAULT 3,ANTI-TRANSGENDER,Gender,,M35678147,Violent
202301012285417,2023,5,10,PATROL BORO MAN SOUTH,NEW YORK,MISDEMEANOR,ASSAULT 3 & RELATED OFFENSES,ASSAULT 3,ANTI-MALE HOMOSEXUAL (GAY),Sexual Orientation,,M35693086,Violent
202301012285417,2023,5,10,PATROL BORO MAN SOUTH,NEW YORK,MISDEMEANOR,ASSAULT 3 & RELATED OFFENSES,ASSAULT 3,ANTI-MALE HOMOSEXUAL (GAY),Sexual Orientation,,M35693601,Violent
202301012453217,2023,8,10,PATROL BORO MAN SOUTH,NEW YORK,MISDEMEANOR,ASSAULT 3 & RELATED OFFENSES,ASSAULT 3,ANTI-TRANSGENDER,Gender,,M35708863,Violent
202301312404617,2023,5,13,PATROL BORO MAN SOUTH,NEW YORK,MISDEMEANOR,ASSAULT 3 & RELATED OFFENSES,ASSAULT 3,ANTI-MALE HOMOSEXUAL (GAY),Sexual Orientation,,M35693211,Violent
202301413122117,2023,8,14,PATROL BORO MAN SOUTH,NEW YORK,MISDEMEANOR,ASSAULT 3 & RELATED OFFENSES,ASSAULT 3,ANTI-MALE HOMOSEXUAL (GAY),Sexual Orientation,,M35705180,Violent
202301413204317,2023,8,14,PATROL BORO MAN SOUTH,NEW YORK,MISDEMEANOR,ASSAULT 3 & RELATED OFFENSES,ASSAULT 3,ANTI-MALE HOMOSEXUAL (GAY),Sexual Orientation,,M35707826,Violent
202301812292717,2023,3,18,PATROL BORO MAN SOUTH,NEW YORK,MISDEMEANOR,ASSAULT 3 & RELATED OFFENSES,ASSAULT 3,ANTI-MALE HOMOSEXUAL (GAY),Sexual Orientation,,M35684045,Violent
202301812343117,2023,4,18,PATROL BORO MAN SOUTH,NEW YORK,MISDEMEANOR,ASSAULT 3 & RELATED OFFENSES,ASSAULT 3,ANTI-MALE HOMOSEXUAL (GAY),Sexual Orientation,,M35694106,Violent
202400712168317,2024,2,7,PATROL BORO MAN SOUTH,NEW YORK,MISDEMEANOR,ASSAULT 3 & RELATED OFFENSES,ASSAULT 3,ANTI-MALE HOMOSEXUAL (GAY),Sexual Orientation,,M36684873,Violent
202400912375917,2024,6,9,PATROL BORO MAN SOUTH,NEW YORK,MISDEMEANOR,ASSAULT 3 & RELATED OFFENSES,ASSAULT 3,ANTI-MALE HOMOSEXUAL (GAY),Sexual Orientation,,M36703327,Violent
202401312127117,2024,1,13,PATROL BORO MAN SOUTH,NEW YORK,MISDEMEANOR,ASSAULT 3 & RELATED OFFENSES,ASSAULT 3,ANTI-TRANSGENDER,Gender,,M36675638,Violent
202401312127117,2024,1,13,PATROL BORO MAN SOUTH,NEW YORK,MISDEMEANOR,ASSAULT 3 & RELATED OFFENSES,ASSAULT 3,ANTI-TRANSGENDER,Gender,,M36675640,Violent
